min_wet_hours,min_temp_c,consecutive_days,spray_threshold_dsv,hits,misses,false_alarms,correct_negatives,pod,far,csi,total_cost
4,8,1,12,13,0,1,1,1.0,0.0714,0.9286,500
4,8,1,15,13,0,1,1,1.0,0.0714,0.9286,500
4,8,1,18,13,0,1,1,1.0,0.0714,0.9286,500
4,8,1,21,13,0,1,1,1.0,0.0714,0.9286,500
6,8,1,12,13,0,1,1,1.0,0.0714,0.9286,500
6,8,1,15,13,0,1,1,1.0,0.0714,0.9286,500
6,8,1,18,13,0,1,1,1.0,0.0714,0.9286,500
6,8,1,21,13,0,1,1,1.0,0.0714,0.9286,500
4,8,2,12,12,1,1,1,0.9231,0.0769,0.8571,40500
4,8,2,15,12,1,1,1,0.9231,0.0769,0.8571,40500
4,8,2,18,12,1,1,1,0.9231,0.0769,0.8571,40500
4,8,2,21,12,1,1,1,0.9231,0.0769,0.8571,40500
6,8,2,12,12,1,1,1,0.9231,0.0769,0.8571,40500
6,8,2,15,12,1,1,1,0.9231,0.0769,0.8571,40500
6,8,2,18,12,1,1,1,0.9231,0.0769,0.8571,40500
6,8,2,21,12,1,1,1,0.9231,0.0769,0.8571,40500
8,8,1,12,12,1,1,1,0.9231,0.0769,0.8571,40500
8,8,1,15,12,1,1,1,0.9231,0.0769,0.8571,40500
8,8,1,18,12,1,1,1,0.9231,0.0769,0.8571,40500
8,8,1,21,12,1,1,1,0.9231,0.0769,0.8571,40500
8,8,2,12,12,1,1,1,0.9231,0.0769,0.8571,40500
8,8,2,15,12,1,1,1,0.9231,0.0769,0.8571,40500
8,8,2,18,12,1,1,1,0.9231,0.0769,0.8571,40500
8,8,2,21,12,1,1,1,0.9231,0.0769,0.8571,40500
11,8,1,12,11,2,1,1,0.8462,0.0833,0.7857,80500
11,8,1,15,11,2,1,1,0.8462,0.0833,0.7857,80500
11,8,1,18,11,2,1,1,0.8462,0.0833,0.7857,80500
11,8,1,21,11,2,1,1,0.8462,0.0833,0.7857,80500
11,8,2,12,11,2,1,1,0.8462,0.0833,0.7857,80500
11,8,2,15,11,2,1,1,0.8462,0.0833,0.7857,80500
11,8,2,18,11,2,1,1,0.8462,0.0833,0.7857,80500
11,8,2,21,11,2,1,1,0.8462,0.0833,0.7857,80500
4,8,3,12,10,3,1,1,0.7692,0.0909,0.7143,120500
4,8,3,15,10,3,1,1,0.7692,0.0909,0.7143,120500
4,8,3,18,10,3,1,1,0.7692,0.0909,0.7143,120500
4,8,3,21,10,3,1,1,0.7692,0.0909,0.7143,120500
4,10,1,12,10,3,1,1,0.7692,0.0909,0.7143,120500
4,10,1,15,10,3,1,1,0.7692,0.0909,0.7143,120500
4,10,1,18,10,3,1,1,0.7692,0.0909,0.7143,120500
4,10,1,21,10,3,1,1,0.7692,0.0909,0.7143,120500
6,8,3,12,10,3,1,1,0.7692,0.0909,0.7143,120500
6,8,3,15,10,3,1,1,0.7692,0.0909,0.7143,120500
6,8,3,18,10,3,1,1,0.7692,0.0909,0.7143,120500
6,8,3,21,10,3,1,1,0.7692,0.0909,0.7143,120500
6,10,1,12,10,3,1,1,0.7692,0.0909,0.7143,120500
6,10,1,15,10,3,1,1,0.7692,0.0909,0.7143,120500
6,10,1,18,10,3,1,1,0.7692,0.0909,0.7143,120500
6,10,1,21,10,3,1,1,0.7692,0.0909,0.7143,120500
8,10,1,12,10,3,1,1,0.7692,0.0909,0.7143,120500
8,10,1,15,10,3,1,1,0.7692,0.0909,0.7143,120500
8,10,1,18,10,3,1,1,0.7692,0.0909,0.7143,120500
8,10,1,21,10,3,1,1,0.7692,0.0909,0.7143,120500
11,8,3,12,9,4,0,2,0.6923,0.0,0.6923,160000
11,8,3,15,9,4,0,2,0.6923,0.0,0.6923,160000
11,8,3,18,9,4,0,2,0.6923,0.0,0.6923,160000
11,8,3,21,9,4,0,2,0.6923,0.0,0.6923,160000
8,8,3,12,9,4,1,1,0.6923,0.1,0.6429,160500
8,8,3,15,9,4,1,1,0.6923,0.1,0.6429,160500
8,8,3,18,9,4,1,1,0.6923,0.1,0.6429,160500
8,8,3,21,9,4,1,1,0.6923,0.1,0.6429,160500
11,10,1,12,9,4,1,1,0.6923,0.1,0.6429,160500
11,10,1,15,9,4,1,1,0.6923,0.1,0.6429,160500
11,10,1,18,9,4,1,1,0.6923,0.1,0.6429,160500
11,10,1,21,9,4,1,1,0.6923,0.1,0.6429,160500
4,10,2,12,7,6,1,1,0.5385,0.125,0.5,240500
4,10,2,15,7,6,1,1,0.5385,0.125,0.5,240500
4,10,2,18,7,6,1,1,0.5385,0.125,0.5,240500
4,10,2,21,7,6,1,1,0.5385,0.125,0.5,240500
4,10,3,12,7,6,1,1,0.5385,0.125,0.5,240500
4,10,3,15,7,6,1,1,0.5385,0.125,0.5,240500
4,10,3,18,7,6,1,1,0.5385,0.125,0.5,240500
4,10,3,21,7,6,1,1,0.5385,0.125,0.5,240500
4,12,1,12,7,6,1,1,0.5385,0.125,0.5,240500
4,12,1,15,7,6,1,1,0.5385,0.125,0.5,240500
4,12,1,18,7,6,1,1,0.5385,0.125,0.5,240500
4,12,1,21,7,6,1,1,0.5385,0.125,0.5,240500
6,10,2,12,7,6,1,1,0.5385,0.125,0.5,240500
6,10,2,15,7,6,1,1,0.5385,0.125,0.5,240500
6,10,2,18,7,6,1,1,0.5385,0.125,0.5,240500
6,10,2,21,7,6,1,1,0.5385,0.125,0.5,240500
6,10,3,12,7,6,1,1,0.5385,0.125,0.5,240500
6,10,3,15,7,6,1,1,0.5385,0.125,0.5,240500
6,10,3,18,7,6,1,1,0.5385,0.125,0.5,240500
6,10,3,21,7,6,1,1,0.5385,0.125,0.5,240500
6,12,1,12,7,6,1,1,0.5385,0.125,0.5,240500
6,12,1,15,7,6,1,1,0.5385,0.125,0.5,240500
6,12,1,18,7,6,1,1,0.5385,0.125,0.5,240500
6,12,1,21,7,6,1,1,0.5385,0.125,0.5,240500
8,10,2,12,7,6,1,1,0.5385,0.125,0.5,240500
8,10,2,15,7,6,1,1,0.5385,0.125,0.5,240500
8,10,2,18,7,6,1,1,0.5385,0.125,0.5,240500
8,10,2,21,7,6,1,1,0.5385,0.125,0.5,240500
8,12,1,12,7,6,1,1,0.5385,0.125,0.5,240500
8,12,1,15,7,6,1,1,0.5385,0.125,0.5,240500
8,12,1,18,7,6,1,1,0.5385,0.125,0.5,240500
8,12,1,21,7,6,1,1,0.5385,0.125,0.5,240500
4,12,2,12,6,7,1,1,0.4615,0.1429,0.4286,280500
4,12,2,15,6,7,1,1,0.4615,0.1429,0.4286,280500
4,12,2,18,6,7,1,1,0.4615,0.1429,0.4286,280500
4,12,2,21,6,7,1,1,0.4615,0.1429,0.4286,280500
4,12,3,12,6,7,1,1,0.4615,0.1429,0.4286,280500
4,12,3,15,6,7,1,1,0.4615,0.1429,0.4286,280500
4,12,3,18,6,7,1,1,0.4615,0.1429,0.4286,280500
4,12,3,21,6,7,1,1,0.4615,0.1429,0.4286,280500
6,12,2,12,6,7,1,1,0.4615,0.1429,0.4286,280500
6,12,2,15,6,7,1,1,0.4615,0.1429,0.4286,280500
6,12,2,18,6,7,1,1,0.4615,0.1429,0.4286,280500
6,12,2,21,6,7,1,1,0.4615,0.1429,0.4286,280500
6,12,3,12,6,7,1,1,0.4615,0.1429,0.4286,280500
6,12,3,15,6,7,1,1,0.4615,0.1429,0.4286,280500
6,12,3,18,6,7,1,1,0.4615,0.1429,0.4286,280500
6,12,3,21,6,7,1,1,0.4615,0.1429,0.4286,280500
8,10,3,12,6,7,1,1,0.4615,0.1429,0.4286,280500
8,10,3,15,6,7,1,1,0.4615,0.1429,0.4286,280500
8,10,3,18,6,7,1,1,0.4615,0.1429,0.4286,280500
8,10,3,21,6,7,1,1,0.4615,0.1429,0.4286,280500
8,12,2,12,6,7,1,1,0.4615,0.1429,0.4286,280500
8,12,2,15,6,7,1,1,0.4615,0.1429,0.4286,280500
8,12,2,18,6,7,1,1,0.4615,0.1429,0.4286,280500
8,12,2,21,6,7,1,1,0.4615,0.1429,0.4286,280500
11,10,2,12,6,7,1,1,0.4615,0.1429,0.4286,280500
11,10,2,15,6,7,1,1,0.4615,0.1429,0.4286,280500
11,10,2,18,6,7,1,1,0.4615,0.1429,0.4286,280500
11,10,2,21,6,7,1,1,0.4615,0.1429,0.4286,280500
11,12,1,12,6,7,1,1,0.4615,0.1429,0.4286,280500
11,12,1,15,6,7,1,1,0.4615,0.1429,0.4286,280500
11,12,1,18,6,7,1,1,0.4615,0.1429,0.4286,280500
11,12,1,21,6,7,1,1,0.4615,0.1429,0.4286,280500
11,10,3,12,5,8,0,2,0.3846,0.0,0.3846,320000
11,10,3,15,5,8,0,2,0.3846,0.0,0.3846,320000
11,10,3,18,5,8,0,2,0.3846,0.0,0.3846,320000
11,10,3,21,5,8,0,2,0.3846,0.0,0.3846,320000
11,12,3,12,5,8,0,2,0.3846,0.0,0.3846,320000
11,12,3,15,5,8,0,2,0.3846,0.0,0.3846,320000
11,12,3,18,5,8,0,2,0.3846,0.0,0.3846,320000
11,12,3,21,5,8,0,2,0.3846,0.0,0.3846,320000
8,12,3,12,5,8,1,1,0.3846,0.1667,0.3571,320500
8,12,3,15,5,8,1,1,0.3846,0.1667,0.3571,320500
8,12,3,18,5,8,1,1,0.3846,0.1667,0.3571,320500
8,12,3,21,5,8,1,1,0.3846,0.1667,0.3571,320500
11,12,2,12,5,8,1,1,0.3846,0.1667,0.3571,320500
11,12,2,15,5,8,1,1,0.3846,0.1667,0.3571,320500
11,12,2,18,5,8,1,1,0.3846,0.1667,0.3571,320500
11,12,2,21,5,8,1,1,0.3846,0.1667,0.3571,320500
